{"cameraMode":{"drawMode":0,"name":"Shaded","section":"Shading Mode"},"sceneLighting":true,"audioPlay":false,"sceneViewState":{"m_AlwaysRefresh":false,"showFog":true,"showSkybox":true,"showFlares":true,"showImageEffects":true,"showParticleSystems":true,"showVisualEffectGraphs":true,"m_FxEnabled":true},"in2DMode":false,"pivot":{"x":-0.41742876172065737,"y":2.583643674850464,"z":0.15323776006698609},"rotation":{"x":0.02978038787841797,"y":0.26574450731277468,"z":0.008193666115403176,"w":-0.9635840654373169},"size":8.657033920288086,"orthographic":false}